{"Turrialba":{"sexoM":0.8902439024390244,"sexoF":0.10975609756097561,"promedio6":0.018292682926829267,"promedio7":0.2865853658536585,"promedio8":0.018292682926829267,"promedio9":0.1402439024390244,"estiloDivergente":0.2865853658536585,"estiloConvergente":0.2865853658536585,"estiloAsimilador":0.23780487804878048,"estiloAcomodador":0.18902439024390244},"Paraiso":{"sexoM":0.7195121951219512,"sexoF":0.2804878048780488,"promedio6":0.06707317073170732,"promedio7":0.3597560975609756,"promedio8":0.4573170731707317,"promedio9":0.11585365853658537,"estiloDivergente":0.2621951219512195,"estiloConvergente":0.2621951219512195,"estiloAsimilador":0.2865853658536585,"estiloAcomodador":0.18902439024390244}}