{"Beginner":{"A3":0.6862745098039216,"A2":0.1568627450980392,"A1":0.1568627450980392,"BF":0.392156862745098,"BM":0.3333333333333333,"BNA":0.2745098039215686,"CB":0.392156862745098,"CI":0.4509803921568627,"CA":0.1568627450980392,"D1":0.392156862745098,"D2":0.3333333333333333,"D3":0.2745098039215686,"EDM":0.4509803921568627,"END":0.3333333333333333,"EO":0.2156862745098039,"FL":0.3333333333333333,"FA":0.392156862745098,"FH":0.2745098039215686,"GN":0.2745098039215686,"GS":0.3333333333333333,"GO":0.392156862745098,"HN":0.3333333333333333,"HS":0.392156862745098,"HO":0.2745098039215686},"Intermediate":{"A3":0.19047619047619047,"A2":0.19047619047619047,"A1":0.619047619047619,"BF":0.19047619047619047,"BM":0.3333333333333333,"BNA":0.47619047619047616,"CB":0.4047619047619047,"CI":0.3333333333333333,"CA":0.2619047619047619,"D1":0.3333333333333333,"D2":0.2619047619047619,"D3":0.4047619047619047,"EDM":0.19047619047619047,"END":0.3333333333333333,"EO":0.47619047619047616,"FL":0.19047619047619047,"FA":0.4047619047619047,"FH":0.4047619047619047,"GN":0.2619047619047619,"GS":0.3333333333333333,"GO":0.4047619047619047,"HN":0.2619047619047619,"HS":0.3333333333333333,"HO":0.4047619047619047},"Advanced":{"A3":0.20512820512820512,"A2":0.5897435897435896,"A1":0.20512820512820512,"BF":0.43589743589743585,"BM":0.28205128205128205,"BNA":0.28205128205128205,"CB":0.20512820512820512,"CI":0.43589743589743585,"CA":0.3589743589743589,"D1":0.28205128205128205,"D2":0.3589743589743589,"D3":0.3589743589743589,"EDM":0.28205128205128205,"END":0.3589743589743589,"EO":0.3589743589743589,"FL":0.3589743589743589,"FA":0.20512820512820512,"FH":0.43589743589743585,"GN":0.28205128205128205,"GS":0.43589743589743585,"GO":0.28205128205128205,"HN":0.28205128205128205,"HS":0.43589743589743585,"HO":0.28205128205128205}}