{"A":{"re2":0.45,"re3":0.45,"re4":0.05,"re5":0.05,"li7":0.06428571428571428,"li8":0.014285714285714285,"li9":0.06428571428571428,"li10":0.06428571428571428,"li11":0.11428571428571428,"li12":0.06428571428571428,"li13":0.11428571428571428,"li14":0.06428571428571428,"li15":0.11428571428571428,"li16":0.11428571428571428,"li17":0.11428571428571428,"li18":0.06428571428571428,"li19":0.014285714285714285,"li20":0.014285714285714285,"caLow":0.16666666666666666,"caMedium":0.6166666666666667,"caHigh":0.21666666666666665,"coLow":0.36666666666666664,"coMedium":0.21666666666666665,"coHigh":0.4166666666666667},"B":{"re2":0.043478260869565216,"re3":0.043478260869565216,"re4":0.6086956521739131,"re5":0.30434782608695654,"li7":0.012422360248447204,"li8":0.012422360248447204,"li9":0.012422360248447204,"li10":0.012422360248447204,"li11":0.012422360248447204,"li12":0.012422360248447204,"li13":0.012422360248447204,"li14":0.012422360248447204,"li15":0.012422360248447204,"li16":0.012422360248447204,"li17":0.05590062111801242,"li18":0.3167701863354037,"li19":0.4472049689440994,"li20":0.05590062111801242,"caLow":0.05797101449275362,"caMedium":0.4057971014492754,"caHigh":0.5362318840579711,"coLow":0.05797101449275362,"coMedium":0.18840579710144925,"coHigh":0.753623188405797}}