{"Beginner":{"A3":0.6,"A2":0.07058823529411765,"A1":0.07058823529411765,"BF":0.3058823529411765,"BM":0.24705882352941178,"BNA":0.18823529411764706,"CB":0.3058823529411765,"CI":0.3647058823529412,"CA":0.07058823529411765,"D1":0.3058823529411765,"D2":0.24705882352941178,"D3":0.18823529411764706,"EDM":0.3647058823529412,"END":0.24705882352941178,"EO":0.12941176470588237,"FL":0.24705882352941178,"FA":0.3058823529411765,"FH":0.18823529411764706,"GN":0.18823529411764706,"GS":0.24705882352941178,"GO":0.3058823529411765,"HN":0.24705882352941178,"HS":0.3058823529411765,"HO":0.18823529411764706},"Intermediate":{"A3":0.08571428571428572,"A2":0.08571428571428572,"A1":0.5142857142857143,"BF":0.08571428571428572,"BM":0.2285714285714286,"BNA":0.37142857142857144,"CB":0.3,"CI":0.2285714285714286,"CA":0.15714285714285717,"D1":0.2285714285714286,"D2":0.15714285714285717,"D3":0.3,"EDM":0.08571428571428572,"END":0.2285714285714286,"EO":0.37142857142857144,"FL":0.08571428571428572,"FA":0.3,"FH":0.3,"GN":0.15714285714285717,"GS":0.2285714285714286,"GO":0.3,"HN":0.15714285714285717,"HS":0.2285714285714286,"HO":0.3},"Advanced":{"A3":0.0923076923076923,"A2":0.47692307692307695,"A1":0.0923076923076923,"BF":0.3230769230769231,"BM":0.16923076923076924,"BNA":0.16923076923076924,"CB":0.0923076923076923,"CI":0.3230769230769231,"CA":0.24615384615384617,"D1":0.16923076923076924,"D2":0.24615384615384617,"D3":0.24615384615384617,"EDM":0.16923076923076924,"END":0.24615384615384617,"EO":0.24615384615384617,"FL":0.24615384615384617,"FA":0.0923076923076923,"FH":0.3230769230769231,"GN":0.16923076923076924,"GS":0.3230769230769231,"GO":0.16923076923076924,"HN":0.16923076923076924,"HS":0.3230769230769231,"HO":0.16923076923076924}}