{"Divergente":{"recintoTurrialba":0.5208333333333334,"recintoParaiso":0.4791666666666667,"promedio6":0.07291666666666667,"promedio7":0.28125,"promedio8":0.5729166666666666,"promedio9":0.07291666666666667,"sexoM":0.8958333333333334,"sexoF":0.10416666666666667},"Convergente":{"recintoTurrialba":0.5208333333333334,"recintoParaiso":0.4791666666666667,"promedio6":0.03125,"promedio7":0.28125,"promedio8":0.5729166666666666,"promedio9":0.11458333333333333,"sexoM":0.7708333333333334,"sexoF":0.22916666666666666},"Asimilador":{"recintoTurrialba":0.45652173913043476,"recintoParaiso":0.5434782608695652,"promedio6":0.07608695652173914,"promedio7":0.3804347826086957,"promedio8":0.33695652173913043,"promedio9":0.20652173913043478,"sexoM":0.7608695652173914,"sexoF":0.2391304347826087},"Acomodador":{"recintoTurrialba":0.5,"recintoParaiso":0.5,"promedio6":0.04411764705882353,"promedio7":0.3382352941176471,"promedio8":0.45588235294117646,"promedio9":0.16176470588235295,"sexoM":0.6764705882352942,"sexoF":0.3235294117647059}}