{"M":{"recintoTurrialba":0.553030303030303,"recintoParaiso":0.44696969696969696,"promedio6":0.041666666666666664,"promedio7":0.29924242424242425,"promedio8":0.5416666666666666,"promedio9":0.11742424242424243,"estiloDivergente":0.3143939393939394,"estiloConvergente":0.2689393939393939,"estiloAsimilador":0.2537878787878788,"estiloAcomodador":0.16287878787878787},"F":{"recintoTurrialba":0.28125,"recintoParaiso":0.71875,"promedio6":0.046875,"promedio7":0.421875,"promedio8":0.359375,"promedio9":0.171875,"estiloDivergente":0.109375,"estiloConvergente":0.296875,"estiloAsimilador":0.296875,"estiloAcomodador":0.296875}}