{"Divergente":{"CA6":0.0037593984962406013,"CA7":0.0037593984962406013,"CA8":0.0037593984962406013,"CA9":0.021616541353383457,"CA10":0.039473684210526314,"CA11":0.11090225563909774,"CA12":0.07518796992481203,"CA13":0.11090225563909774,"CA14":0.1287593984962406,"CA15":0.1287593984962406,"CA16":0.14661654135338348,"CA17":0.18233082706766918,"CA18":0.0037593984962406013,"CA19":0.021616541353383457,"CA20":0.0037593984962406013,"CA21":0.0037593984962406013,"CA22":0.0037593984962406013,"CA23":0.0037593984962406013,"CA24":0.0037593984962406013,"EC6":0.0037593984962406013,"EC7":0.0037593984962406013,"EC8":0.0037593984962406013,"EC9":0.0037593984962406013,"EC10":0.0037593984962406013,"EC11":0.0037593984962406013,"EC12":0.05733082706766917,"EC13":0.05733082706766917,"EC14":0.1287593984962406,"EC15":0.2180451127819549,"EC16":0.18233082706766918,"EC17":0.20018796992481205,"EC18":0.039473684210526314,"EC19":0.05733082706766917,"EC20":0.0037593984962406013,"EC21":0.021616541353383457,"EC22":0.0037593984962406013,"EC23":0.0037593984962406013,"EC24":0.0037593984962406013,"EA6":0.0037593984962406013,"EA7":0.0037593984962406013,"EA8":0.0037593984962406013,"EA9":0.021616541353383457,"EA10":0.0037593984962406013,"EA11":0.039473684210526314,"EA12":0.05733082706766917,"EA13":0.09304511278195489,"EA14":0.07518796992481203,"EA15":0.11090225563909774,"EA16":0.2180451127819549,"EA17":0.16447368421052633,"EA18":0.1287593984962406,"EA19":0.021616541353383457,"EA20":0.021616541353383457,"EA21":0.0037593984962406013,"EA22":0.021616541353383457,"EA23":0.0037593984962406013,"EA24":0.0037593984962406013,"OR6":0.0037593984962406013,"OR7":0.0037593984962406013,"OR8":0.0037593984962406013,"OR9":0.0037593984962406013,"OR10":0.0037593984962406013,"OR11":0.0037593984962406013,"OR12":0.0037593984962406013,"OR13":0.021616541353383457,"OR14":0.05733082706766917,"OR15":0.07518796992481203,"OR16":0.1287593984962406,"OR17":0.20018796992481205,"OR18":0.18233082706766918,"OR19":0.14661654135338348,"OR20":0.039473684210526314,"OR21":0.07518796992481203,"OR22":0.0037593984962406013,"OR23":0.021616541353383457,"OR24":0.0037593984962406013},"Convergente":{"CA6":0.003289473684210526,"CA7":0.003289473684210526,"CA8":0.003289473684210526,"CA9":0.003289473684210526,"CA10":0.003289473684210526,"CA11":0.003289473684210526,"CA12":0.003289473684210526,"CA13":0.003289473684210526,"CA14":0.03453947368421052,"CA15":0.018914473684210526,"CA16":0.11266447368421052,"CA17":0.2689144736842105,"CA18":0.19078947368421054,"CA19":0.12828947368421054,"CA20":0.11266447368421052,"CA21":0.05016447368421052,"CA22":0.05016447368421052,"CA23":0.003289473684210526,"CA24":0.003289473684210526,"EC6":0.003289473684210526,"EC7":0.018914473684210526,"EC8":0.018914473684210526,"EC9":0.05016447368421052,"EC10":0.14391447368421054,"EC11":0.11266447368421052,"EC12":0.17516447368421054,"EC13":0.17516447368421054,"EC14":0.19078947368421054,"EC15":0.08141447368421052,"EC16":0.003289473684210526,"EC17":0.003289473684210526,"EC18":0.003289473684210526,"EC19":0.003289473684210526,"EC20":0.003289473684210526,"EC21":0.003289473684210526,"EC22":0.003289473684210526,"EC23":0.003289473684210526,"EC24":0.003289473684210526,"EA6":0.003289473684210526,"EA7":0.003289473684210526,"EA8":0.003289473684210526,"EA9":0.003289473684210526,"EA10":0.003289473684210526,"EA11":0.003289473684210526,"EA12":0.003289473684210526,"EA13":0.003289473684210526,"EA14":0.003289473684210526,"EA15":0.03453947368421052,"EA16":0.03453947368421052,"EA17":0.06578947368421052,"EA18":0.22203947368421054,"EA19":0.19078947368421054,"EA20":0.17516447368421054,"EA21":0.12828947368421054,"EA22":0.06578947368421052,"EA23":0.018914473684210526,"EA24":0.03453947368421052,"OR6":0.003289473684210526,"OR7":0.003289473684210526,"OR8":0.018914473684210526,"OR9":0.03453947368421052,"OR10":0.11266447368421052,"OR11":0.06578947368421052,"OR12":0.15953947368421054,"OR13":0.12828947368421054,"OR14":0.22203947368421054,"OR15":0.14391447368421054,"OR16":0.06578947368421052,"OR17":0.003289473684210526,"OR18":0.018914473684210526,"OR19":0.003289473684210526,"OR20":0.003289473684210526,"OR21":0.003289473684210526,"OR22":0.003289473684210526,"OR23":0.003289473684210526,"OR24":0.003289473684210526},"Asimilador":{"CA6":0.004678362573099415,"CA7":0.004678362573099415,"CA8":0.004678362573099415,"CA9":0.004678362573099415,"CA10":0.004678362573099415,"CA11":0.004678362573099415,"CA12":0.004678362573099415,"CA13":0.004678362573099415,"CA14":0.026900584795321637,"CA15":0.04912280701754385,"CA16":0.07134502923976607,"CA17":0.1824561403508772,"CA18":0.16023391812865498,"CA19":0.22690058479532166,"CA20":0.0935672514619883,"CA21":0.07134502923976607,"CA22":0.004678362573099415,"CA23":0.004678362573099415,"CA24":0.07134502923976607,"EC6":0.004678362573099415,"EC7":0.004678362573099415,"EC8":0.04912280701754385,"EC9":0.026900584795321637,"EC10":0.07134502923976607,"EC11":0.20467836257309943,"EC12":0.20467836257309943,"EC13":0.13801169590643275,"EC14":0.1824561403508772,"EC15":0.04912280701754385,"EC16":0.026900584795321637,"EC17":0.004678362573099415,"EC18":0.004678362573099415,"EC19":0.004678362573099415,"EC20":0.004678362573099415,"EC21":0.004678362573099415,"EC22":0.004678362573099415,"EC23":0.004678362573099415,"EC24":0.004678362573099415,"EA6":0.004678362573099415,"EA7":0.004678362573099415,"EA8":0.004678362573099415,"EA9":0.004678362573099415,"EA10":0.004678362573099415,"EA11":0.04912280701754385,"EA12":0.11578947368421053,"EA13":0.0935672514619883,"EA14":0.16023391812865498,"EA15":0.11578947368421053,"EA16":0.13801169590643275,"EA17":0.11578947368421053,"EA18":0.07134502923976607,"EA19":0.07134502923976607,"EA20":0.026900584795321637,"EA21":0.004678362573099415,"EA22":0.004678362573099415,"EA23":0.004678362573099415,"EA24":0.004678362573099415,"OR6":0.004678362573099415,"OR7":0.004678362573099415,"OR8":0.004678362573099415,"OR9":0.004678362573099415,"OR10":0.004678362573099415,"OR11":0.004678362573099415,"OR12":0.026900584795321637,"OR13":0.004678362573099415,"OR14":0.07134502923976607,"OR15":0.0935672514619883,"OR16":0.13801169590643275,"OR17":0.0935672514619883,"OR18":0.24912280701754388,"OR19":0.11578947368421053,"OR20":0.07134502923976607,"OR21":0.026900584795321637,"OR22":0.026900584795321637,"OR23":0.04912280701754385,"OR24":0.004678362573099415},"Acomodador":{"CA6":0.002883922134102379,"CA7":0.01658255227108868,"CA8":0.002883922134102379,"CA9":0.03028118240807498,"CA10":0.01658255227108868,"CA11":0.04397981254506128,"CA12":0.07137707281903388,"CA13":0.1535688536409517,"CA14":0.2220620043258832,"CA15":0.1535688536409517,"CA16":0.16726748377793801,"CA17":0.08507570295602018,"CA18":0.002883922134102379,"CA19":0.01658255227108868,"CA20":0.002883922134102379,"CA21":0.002883922134102379,"CA22":0.002883922134102379,"CA23":0.002883922134102379,"CA24":0.002883922134102379,"EC6":0.002883922134102379,"EC7":0.002883922134102379,"EC8":0.002883922134102379,"EC9":0.002883922134102379,"EC10":0.002883922134102379,"EC11":0.01658255227108868,"EC12":0.03028118240807498,"EC13":0.1535688536409517,"EC14":0.16726748377793801,"EC15":0.2631578947368421,"EC16":0.20836337418889692,"EC17":0.05767844268204758,"EC18":0.04397981254506128,"EC19":0.01658255227108868,"EC20":0.002883922134102379,"EC21":0.01658255227108868,"EC22":0.002883922134102379,"EC23":0.002883922134102379,"EC24":0.002883922134102379,"EA6":0.002883922134102379,"EA7":0.002883922134102379,"EA8":0.002883922134102379,"EA9":0.002883922134102379,"EA10":0.002883922134102379,"EA11":0.002883922134102379,"EA12":0.002883922134102379,"EA13":0.002883922134102379,"EA14":0.002883922134102379,"EA15":0.002883922134102379,"EA16":0.01658255227108868,"EA17":0.03028118240807498,"EA18":0.1535688536409517,"EA19":0.2631578947368421,"EA20":0.2494592645998558,"EA21":0.1124729632299928,"EA22":0.1261715933669791,"EA23":0.002883922134102379,"EA24":0.01658255227108868,"OR6":0.002883922134102379,"OR7":0.002883922134102379,"OR8":0.002883922134102379,"OR9":0.002883922134102379,